Reference,Part Name,Manufacturer,LCSC Part #,Mount Type,Footprint,Cost (USD)
U1,ESP32-S3-WROOM-1-N16R8,ESPRESSIF,C2913202,SMD,WIRELM-SMD_ESP32-S3-WROOM-1,pending
USB1,USB4085-GF-A,,C9900013983,SMD,USC-C-SMD_USB4085-GF-A,pending
D1,USBLC6-2SC6,,C323793,SMD,SOT-23-6_L2.9-W1.6-P0.95-LS2.8-BL,pending
U2,MCP73831T-2ACI/OT,MICROCHIP,C424093,SMD,SOT-23-5_L3.0-W1.7-P0.95-LS2.8-BL,pending
U3,DW01A,,C841289,SMD,SOT-23-6_L2.9-W1.6-P0.95-LS2.8-BR,pending
Q1,FS8205A,,C14212,SMD,TSSOP-8_L4.4-W3.0-P0.65-LS6.4-BL-2,pending
CN1,B2B-PH-K-S(LF)(SN),JST,C131337,TH,CONN-TH_B2B-PH-K-S,pending
U4,TLV62569DBVR,TI,C141836,SMD,SOT-23-5_L3.0-W1.7-P0.95-LS2.8-BR,pending
U5,TPS61088RHLR,TI,C87357,SMD,VQFN-20_L4.6-W3.6-P0.50-BL,pending
